alpha_A,alpha_Q,w,modelType,logLikelihood,posteriorProb
24.9,11.36,0.22,lit_emp,-324.1464908806078,-6.214608098422191
26.98,11.36,0.21,lit_emp,-323.8630095253585,-6.214608098422191
30.32,11.36,0.16,lit_emp,-323.7953482836224,-6.214608098422191
31.65,10.4,0.11,lit_emp,-328.584347296227,-6.214608098422191
34.76,11.45,0.18,lit_emp,-323.5159438261531,-6.214608098422191
35.08,12.07,0.24,lit_emp,-325.8957416284325,-6.214608098422191
36.55,11.57,0.17,lit_emp,-323.5690069305256,-6.214608098422191
36.64,12.9,0.15,lit_emp,-325.85244060018846,-6.214608098422191
34.83,11.94,0.15,lit_emp,-324.0887818661418,-6.214608098422191
35.01,11.39,0.13,lit_emp,-324.89689795021593,-6.214608098422191
36.42,11.96,0.23,lit_emp,-325.131498893842,-6.214608098422191
37.07,10.61,0.24,lit_emp,-325.5219562434261,-6.214608098422191
38.91,11.24,0.15,lit_emp,-324.17749370067713,-6.214608098422191
37.64,11.17,0.15,lit_emp,-324.2599012602847,-6.214608098422191
35.86,11.31,0.2,lit_emp,-323.6787432283445,-6.214608098422191
32.45,10.85,0.21,lit_emp,-324.26750035138764,-6.214608098422191
33.4,11.53,0.12,lit_emp,-325.38229011482815,-6.214608098422191
35.22,12.27,0.12,lit_emp,-325.6902458008443,-6.214608098422191
39.64,12.44,0.13,lit_emp,-325.43173578301844,-6.214608098422191
39.68,11.52,0.16,lit_emp,-323.7282784158552,-6.214608098422191
39.08,11.78,0.17,lit_emp,-323.6340535581497,-6.214608098422191
36.85,12.19,0.17,lit_emp,-324.0752534600805,-6.214608098422191
36.25,11.06,0.15,lit_emp,-324.4184789997682,-6.214608098422191
35.55,11.52,0.19,lit_emp,-323.54543837066046,-6.214608098422191
37.92,12.26,0.17,lit_emp,-324.18978246479105,-6.214608098422191
36.24,10.93,0.21,lit_emp,-324.15190162274826,-6.214608098422191
33.88,11.76,0.2,lit_emp,-323.81131138219087,-6.214608098422191
36.87,11.66,0.2,lit_emp,-323.7354790834467,-6.214608098422191
37.25,11.66,0.21,lit_emp,-323.9715239310568,-6.214608098422191
37.93,12.39,0.12,lit_emp,-325.86037514512634,-6.214608098422191
39.35,11.83,0.12,lit_emp,-325.3460701989726,-6.214608098422191
38.33,11.13,0.18,lit_emp,-323.7154055814412,-6.214608098422191
39.79,10.96,0.18,lit_emp,-323.9432981237253,-6.214608098422191
38.71,10.96,0.19,lit_emp,-323.91183421252975,-6.214608098422191
39.32,11.68,0.18,lit_emp,-323.54680336115473,-6.214608098422191
36.73,12.63,0.15,lit_emp,-325.16054370139994,-6.214608098422191
35.79,11.1,0.15,lit_emp,-324.356652776364,-6.214608098422191
36.21,11.96,0.22,lit_emp,-324.67897830010884,-6.214608098422191
36.45,11.96,0.19,lit_emp,-323.8553636681299,-6.214608098422191
30.01,11.57,0.16,lit_emp,-323.72152303722976,-6.214608098422191
28.6,11.89,0.16,lit_emp,-323.83148204641753,-6.214608098422191
25.6,11.89,0.18,lit_emp,-323.69433343486196,-6.214608098422191
24.58,11.54,0.19,lit_emp,-323.5486681120116,-6.214608098422191
24.59,11.41,0.16,lit_emp,-323.76684771546167,-6.214608098422191
25.87,12.17,0.16,lit_emp,-324.13358787989523,-6.214608098422191
26.07,11.1,0.13,lit_emp,-325.25381361185646,-6.214608098422191
27.22,10.96,0.21,lit_emp,-324.1137261499605,-6.214608098422191
33.84,11.87,0.18,lit_emp,-323.6755450326849,-6.214608098422191
32.61,12.55,0.18,lit_emp,-324.83522327758254,-6.214608098422191
31.54,11.67,0.19,lit_emp,-323.59547950365715,-6.214608098422191
29.73,11.33,0.13,lit_emp,-324.95110624469316,-6.214608098422191
31.48,11.4,0.13,lit_emp,-324.88883406225244,-6.214608098422191
29.79,11,0.2,lit_emp,-323.917583216075,-6.214608098422191
24.45,11.48,0.22,lit_emp,-324.1770789685472,-6.214608098422191
27.74,12.01,0.16,lit_emp,-323.9382838246298,-6.214608098422191
29.13,11.49,0.13,lit_emp,-324.82857282492444,-6.214608098422191
24.19,12.31,0.18,lit_emp,-324.30757548514674,-6.214608098422191
22.83,10.98,0.17,lit_emp,-324.0324086853763,-6.214608098422191
21.66,11.51,0.2,lit_emp,-323.6705778822763,-6.214608098422191
22.62,10.82,0.13,lit_emp,-325.8356974569716,-6.214608098422191
22.49,11.16,0.15,lit_emp,-324.272838716823,-6.214608098422191
22.8,11.22,0.19,lit_emp,-323.62902326661543,-6.214608098422191
26.31,11.06,0.18,lit_emp,-323.7986552893141,-6.214608098422191
28.23,11.48,0.18,lit_emp,-323.5119485948838,-6.214608098422191
24.45,11.21,0.2,lit_emp,-323.72497893945564,-6.214608098422191
23.78,11.21,0.13,lit_emp,-325.0899688684526,-6.214608098422191
24.27,11.32,0.21,lit_emp,-323.8671621508818,-6.214608098422191
25.57,10.64,0.15,lit_emp,-325.3682225657413,-6.214608098422191
24.36,10.98,0.16,lit_emp,-324.2465566725988,-6.214608098422191
22.66,11.81,0.18,lit_emp,-323.6250995281282,-6.214608098422191
21.86,13.03,0.13,lit_emp,-326.80208096974644,-6.214608098422191
22.12,13.03,0.15,lit_emp,-326.2355015258919,-6.214608098422191
23.35,11.6,0.14,lit_emp,-324.3246326014187,-6.214608098422191
28.68,11.6,0.18,lit_emp,-323.5201901472818,-6.214608098422191
26.43,10.35,0.18,lit_emp,-325.5265351598824,-6.214608098422191
28.83,10.35,0.21,lit_emp,-325.4693652079345,-6.214608098422191
29.53,12.68,0.16,lit_emp,-325.1341885856622,-6.214608098422191
30.13,11.19,0.24,lit_emp,-324.941609978212,-6.214608098422191
30.32,10.94,0.23,lit_emp,-324.67364282967577,-6.214608098422191
32.12,10.88,0.23,lit_emp,-324.7398908063307,-6.214608098422191
29.32,10.88,0.27,lit_emp,-326.7195114555225,-6.214608098422191
30.56,11.3,0.2,lit_emp,-323.68207970993143,-6.214608098422191
32.02,11.99,0.16,lit_emp,-323.9180863205432,-6.214608098422191
33.71,12.06,0.14,lit_emp,-324.5107203696059,-6.214608098422191
33.71,12.26,0.19,lit_emp,-324.33700420571716,-6.214608098422191
34.46,10.88,0.15,lit_emp,-324.7570332870721,-6.214608098422191
34.46,12.79,0.15,lit_emp,-325.55332542163643,-6.214608098422191
32.57,11.63,0.15,lit_emp,-323.9694636502811,-6.214608098422191
31.84,11.63,0.15,lit_emp,-323.96946365028117,-6.214608098422191
29.54,12.71,0.19,lit_emp,-325.43187173742524,-6.214608098422191
25.53,12.16,0.14,lit_emp,-324.61856953484505,-6.214608098422191
23.7,11.11,0.21,lit_emp,-323.96425448700927,-6.214608098422191
27.53,12.43,0.12,lit_emp,-325.92398983155726,-6.214608098422191
28.48,12.24,0.13,lit_emp,-325.1295043164034,-6.214608098422191
26.49,12.33,0.19,lit_emp,-324.4788587770271,-6.214608098422191
24.27,12.22,0.19,lit_emp,-324.26084393050917,-6.214608098422191
23.62,12.17,0.16,lit_emp,-324.1335878795588,-6.214608098422191
24.13,11.74,0.26,lit_emp,-326.55493903687295,-6.214608098422191
25.58,11.54,0.26,lit_emp,-326.2685580007291,-6.214608098422191
28.46,11.48,0.25,lit_emp,-325.57725549382496,-6.214608098422191
30.42,11.68,0.16,lit_emp,-323.7298348639794,-6.214608098422191
30.28,11.05,0.22,lit_emp,-324.25706311334164,-6.214608098422191
31.66,11.11,0.23,lit_emp,-324.5462464599658,-6.214608098422191
34.69,11.33,0.24,lit_emp,-324.95442800943147,-6.214608098422191
37.25,11.18,0.15,lit_emp,-324.2472565303071,-6.214608098422191
33.91,12.37,0.22,lit_emp,-325.5500002414496,-6.214608098422191
36.53,13.07,0.15,lit_emp,-326.3596633690248,-6.214608098422191
36.63,12.02,0.16,lit_emp,-323.948738269649,-6.214608098422191
35.15,12.02,0.12,lit_emp,-325.4390993252621,-6.214608098422191
35.02,11,0.19,lit_emp,-323.85504038877656,-6.214608098422191
29.01,12.42,0.13,lit_emp,-325.3976261533542,-6.214608098422191
28.22,11.21,0.18,lit_emp,-323.6380321220581,-6.214608098422191
31.52,11.98,0.18,lit_emp,-323.79091882246234,-6.214608098422191
28.64,12.07,0.19,lit_emp,-324.00766794056256,-6.214608098422191
31.28,11.29,0.15,lit_emp,-324.127272228204,-6.214608098422191
30.35,11.39,0.26,lit_emp,-326.1235480929655,-6.214608098422191
28.15,11.51,0.17,lit_emp,-323.57161154072213,-6.214608098422191
32.57,12.21,0.14,lit_emp,-324.6810672272537,-6.214608098422191
33.92,10.84,0.14,lit_emp,-325.2664195291209,-6.214608098422191
35.36,11.87,0.16,lit_emp,-323.81707168630084,-6.214608098422191
36.45,13.21,0.16,lit_emp,-326.7269072724957,-6.214608098422191
34.48,10.29,0.14,lit_emp,-327.07709509326577,-6.214608098422191
33.43,10.95,0.2,lit_emp,-323.9831058208754,-6.214608098422191
33.05,12.38,0.18,lit_emp,-324.4486927850187,-6.214608098422191
31.4,11.52,0.16,lit_emp,-323.72827841585524,-6.214608098422191
31.75,11.52,0.11,lit_emp,-326.0721574156614,-6.214608098422191
32.15,12.03,0.13,lit_emp,-324.9081990752408,-6.214608098422191
35.73,10.41,0.21,lit_emp,-325.279509405249,-6.214608098422191
29.94,10.41,0.21,lit_emp,-325.27950940524966,-6.214608098422191
32.31,11.93,0.21,lit_emp,-324.26944590344687,-6.214608098422191
36.9,11.93,0.21,lit_emp,-324.2694459034469,-6.214608098422191
34.81,11.41,0.22,lit_emp,-324.1544080845107,-6.214608098422191
36.42,12.58,0.13,lit_emp,-325.69401150339877,-6.214608098422191
36.64,12.84,0.15,lit_emp,-325.68640009033527,-6.214608098422191
37.63,10.95,0.19,lit_emp,-323.9268049579484,-6.214608098422191
34.04,11.97,0.19,lit_emp,-323.86801878953776,-6.214608098422191
30.48,11.97,0.16,lit_emp,-323.89884129701124,-6.214608098422191
31.87,10.11,0.19,lit_emp,-326.3763500843464,-6.214608098422191
27.5,11.84,0.15,lit_emp,-324.02411416981414,-6.214608098422191
23.42,11.49,0.19,lit_emp,-323.54260997561323,-6.214608098422191
24,11.08,0.17,lit_emp,-323.8827195079626,-6.214608098422191
25.44,11.63,0.14,lit_emp,-324.320539296385,-6.214608098422191
27.98,10.97,0.19,lit_emp,-323.89717317406996,-6.214608098422191
29.61,11.03,0.19,lit_emp,-323.8156665778184,-6.214608098422191
34.77,11.59,0.19,lit_emp,-323.5614075909827,-6.214608098422191
35.91,11.75,0.18,lit_emp,-323.5836381281115,-6.214608098422191
37.58,11.75,0.15,lit_emp,-323.9870140567514,-6.214608098422191
34.51,11.75,0.15,lit_emp,-323.9870140567514,-6.214608098422191
33.64,11.1,0.2,lit_emp,-323.80943953970194,-6.214608098422191
33.75,10.88,0.17,lit_emp,-324.2128792366545,-6.214608098422191
37.29,10.88,0.15,lit_emp,-324.7570332870721,-6.214608098422191
37.37,11.61,0.18,lit_emp,-323.52260293059373,-6.214608098422191
38.58,10.47,0.19,lit_emp,-325.02572255693366,-6.214608098422191
37.08,10.79,0.2,lit_emp,-324.24545495408574,-6.214608098422191
38.55,10.54,0.2,lit_emp,-324.8225601525101,-6.214608098422191
38.52,11.76,0.19,lit_emp,-323.6535808259153,-6.214608098422191
34.75,11.33,0.16,lit_emp,-323.81579259520186,-6.214608098422191
35.89,11.55,0.2,lit_emp,-323.6820519733148,-6.214608098422191
39.9,11.55,0.19,lit_emp,-323.55068419517164,-6.214608098422191
37.93,12.07,0.18,lit_emp,-323.9068771842751,-6.214608098422191
37,11.38,0.16,lit_emp,-323.7831156010831,-6.214608098422191
33.46,11.57,0.16,lit_emp,-323.72152303722964,-6.214608098422191
29.99,11.83,0.19,lit_emp,-323.7129553256983,-6.214608098422191
29.14,11.64,0.19,lit_emp,-323.58074472658063,-6.214608098422191
26.69,10.82,0.15,lit_emp,-324.8923575012894,-6.214608098422191
24.26,11.75,0.15,lit_emp,-323.98701405671386,-6.214608098422191
25.77,10.8,0.18,lit_emp,-324.23945356123494,-6.214608098422191
28.27,10.8,0.22,lit_emp,-324.5572071525225,-6.214608098422191
28.65,11.6,0.15,lit_emp,-323.97089151858904,-6.214608098422191
29.08,11.2,0.2,lit_emp,-323.731189001546,-6.214608098422191
26.01,11.7,0.17,lit_emp,-323.5958869793505,-6.214608098422191
26.55,11.26,0.15,lit_emp,-324.15654760694053,-6.214608098422191
27.96,11.97,0.17,lit_emp,-323.78855834402066,-6.214608098422191
27.1,10.94,0.2,lit_emp,-323.997138962587,-6.214608098422191
28.94,10.94,0.17,lit_emp,-324.10085883330737,-6.214608098422191
33.47,11.65,0.18,lit_emp,-323.5348716850913,-6.214608098422191
32.95,10.15,0.18,lit_emp,-326.32923960734195,-6.214608098422191
36.61,11.52,0.2,lit_emp,-323.6730440172681,-6.214608098422191
34.19,11.69,0.2,lit_emp,-323.7555344406029,-6.214608098422191
33.74,11.4,0.14,lit_emp,-324.41308938356786,-6.214608098422191
33.09,11.4,0.21,lit_emp,-323.86333455297836,-6.214608098422191
37.97,11.82,0.22,lit_emp,-324.4722397985454,-6.214608098422191
33.92,12.14,0.13,lit_emp,-325.0115421310943,-6.214608098422191
36.08,12.14,0.2,lit_emp,-324.3249493554215,-6.214608098422191
37.51,11.8,0.21,lit_emp,-324.1031825096933,-6.214608098422191
39.98,11.9,0.18,lit_emp,-323.70409484589567,-6.214608098422191
36.91,11.9,0.21,lit_emp,-324.22739067096245,-6.214608098422191
36.41,11.58,0.17,lit_emp,-323.56950385946425,-6.214608098422191
38.83,12.69,0.13,lit_emp,-325.9283083402792,-6.214608098422191
38.02,12.69,0.17,lit_emp,-325.1259616057646,-6.214608098422191
36.27,12.47,0.15,lit_emp,-324.81969440331864,-6.214608098422191
36.28,11.96,0.21,lit_emp,-324.3136839298749,-6.214608098422191
38.7,10.84,0.23,lit_emp,-324.7903689743842,-6.214608098422191
37.95,11.96,0.13,lit_emp,-324.8571850775607,-6.214608098422191
35.4,10.62,0.2,lit_emp,-324.6150693505882,-6.214608098422191
35.88,10.62,0.18,lit_emp,-324.671515476572,-6.214608098422191
35.88,11.54,0.22,lit_emp,-324.2071086812704,-6.214608098422191
38.63,10.86,0.22,lit_emp,-324.46725195610554,-6.214608098422191
38.96,12.37,0.2,lit_emp,-324.7993697918706,-6.214608098422191
35.12,11.36,0.17,lit_emp,-323.62080635699965,-6.214608098422191
37.67,10.81,0.21,lit_emp,-324.332922776958,-6.214608098422191
37.66,11.46,0.25,lit_emp,-325.56069294159136,-6.214608098422191
37.45,11.46,0.28,lit_emp,-327.6549885907922,-6.214608098422191
38.82,10.62,0.19,lit_emp,-324.59990552950524,-6.214608098422191
34.08,11.59,0.17,lit_emp,-323.5702650092099,-6.214608098422191
35.08,11.42,0.17,lit_emp,-323.5937182907948,-6.214608098422191
32.92,11.42,0.24,lit_emp,-324.9919609796526,-6.214608098422191
29.32,11.77,0.21,lit_emp,-324.0707770851879,-6.214608098422191
30.46,11.18,0.23,lit_emp,-324.51904751166944,-6.214608098422191
35.84,11.84,0.14,lit_emp,-324.3564618626331,-6.214608098422191
36.58,11.11,0.11,lit_emp,-326.5487758361563,-6.214608098422191
36.57,11.21,0.15,lit_emp,-324.2110712339995,-6.214608098422191
32.87,11.01,0.19,lit_emp,-323.8416102776591,-6.214608098422191
33.39,10.99,0.28,lit_emp,-327.37109483609265,-6.214608098422191
32.67,11.78,0.14,lit_emp,-324.3348407590998,-6.214608098422191
29.37,11.78,0.16,lit_emp,-323.76444361611965,-6.214608098422191
31.64,10.23,0.21,lit_emp,-325.8884561074548,-6.214608098422191
33.1,11.71,0.23,lit_emp,-324.76128103709266,-6.214608098422191
30.81,11.61,0.18,lit_emp,-323.5226029305937,-6.214608098422191
30.84,12.14,0.18,lit_emp,-324.01018509271466,-6.214608098422191
27.16,11.5,0.18,lit_emp,-323.51064214356126,-6.214608098422191
27.11,11.74,0.22,lit_emp,-324.3759341031124,-6.214608098422191
27.25,10.62,0.22,lit_emp,-324.8975291183348,-6.214608098422191
29.68,11.38,0.16,lit_emp,-323.78311560108347,-6.214608098422191
28.24,11.47,0.2,lit_emp,-323.66341403997274,-6.214608098422191
28.85,10.64,0.2,lit_emp,-324.56659547410476,-6.214608098422191
28.88,11.83,0.19,lit_emp,-323.7129553256978,-6.214608098422191
33.63,11.21,0.19,lit_emp,-323.6361934065741,-6.214608098422191
36.19,10.9,0.21,lit_emp,-324.19288723646537,-6.214608098422191
33.43,11.37,0.18,lit_emp,-323.5386715535703,-6.214608098422191
37.37,10.95,0.18,lit_emp,-323.95945200702204,-6.214608098422191
39.61,11.37,0.21,lit_emp,-323.8626727719386,-6.214608098422191
39.63,11.94,0.18,lit_emp,-323.74557431365895,-6.214608098422191
39.13,11.44,0.18,lit_emp,-323.5178211371506,-6.214608098422191
39.24,10.88,0.22,lit_emp,-324.43981866421996,-6.214608098422191
34.26,11.71,0.15,lit_emp,-323.9770666581453,-6.214608098422191
32.79,11.02,0.19,lit_emp,-323.8284859343939,-6.214608098422191
29.44,11.02,0.22,lit_emp,-324.2828459749276,-6.214608098422191
25.76,11.93,0.24,lit_emp,-325.6117687098577,-6.214608098422191
22.55,11.14,0.16,lit_emp,-324.00486733522433,-6.214608098422191
23.58,12.26,0.17,lit_emp,-324.1897824643187,-6.214608098422191
25.51,11.51,0.19,lit_emp,-323.544226064506,-6.214608098422191
25.63,11.76,0.22,lit_emp,-324.3984971814926,-6.214608098422191
23.8,11.76,0.2,lit_emp,-323.81131138200703,-6.214608098422191
24.28,11.76,0.19,lit_emp,-323.6535808258223,-6.214608098422191
23.19,12.02,0.17,lit_emp,-323.8437608734382,-6.214608098422191
29.72,10.6,0.23,lit_emp,-325.2024409108538,-6.214608098422191
28.05,11.24,0.22,lit_emp,-324.15620468323675,-6.214608098422191
27.1,11.81,0.17,lit_emp,-323.6525289478758,-6.214608098422191
24.44,12.03,0.18,lit_emp,-323.85297617688036,-6.214608098422191
18.21,12.16,0.18,lit_emp,-324.04177843824414,-6.214608098422191
17.44,11.51,0.18,lit_emp,-323.51039397672247,-6.214608098422191
16.68,12.49,0.15,lit_emp,-324.859388598726,-6.214608098422191
17.66,11.92,0.17,lit_emp,-323.7393445730287,-6.214608098422191
20.79,11.85,0.17,lit_emp,-323.68065084299224,-6.214608098422191
21.21,12,0.17,lit_emp,-323.8209659696968,-6.214608098422191
20.75,10.56,0.18,lit_emp,-324.8396156130936,-6.214608098422191
22.03,11.7,0.15,lit_emp,-323.97521623519924,-6.214608098422191
22.77,11.7,0.14,lit_emp,-324.3200628527913,-6.214608098422191
21.75,11.45,0.23,lit_emp,-324.5463282556305,-6.214608098422191
20.71,10.6,0.24,lit_emp,-325.54148566222415,-6.214608098422191
21.42,10.45,0.14,lit_emp,-326.4426109823881,-6.214608098422191
19.53,10.9,0.18,lit_emp,-324.04489280210265,-6.214608098422191
20.71,10.12,0.18,lit_emp,-326.46262596122654,-6.214608098422191
23.18,11.76,0.16,lit_emp,-323.75549345757935,-6.214608098422191
20.55,11.76,0.2,lit_emp,-323.81131137565956,-6.214608098422191
16.7,11.75,0.2,lit_emp,-323.80257877863386,-6.214608098422191
16.53,11.89,0.2,lit_emp,-323.9476213473721,-6.214608098422191
16.57,11.56,0.18,lit_emp,-323.5131764357626,-6.214608098422191
11.01,12.35,0.18,lit_emp,-324.38634492312036,-6.214608098422191
9.77,11.68,0.18,lit_emp,-323.5463600885277,-6.214608098422191
9.73,10.78,0.16,lit_emp,-324.6621396433653,-6.214608098422191
8.7,11.18,0.21,lit_emp,-323.9194136894848,-6.214608098422191
6.92,11.81,0.21,lit_emp,-324.08826642628424,-6.214608098422191
12.21,11.81,0.27,lit_emp,-327.4324974027593,-6.214608098422191
10.68,10.96,0.27,lit_emp,-326.6824634774451,-6.214608098422191
11.81,11.64,0.19,lit_emp,-323.58069593197126,-6.214608098422191
8.63,12.47,0.18,lit_emp,-324.6370183791381,-6.214608098422191
10.53,12.34,0.17,lit_emp,-324.33315058460187,-6.214608098422191
7.18,11.11,0.14,lit_emp,-324.76499125664935,-6.214608098422191
9.68,11.63,0.19,lit_emp,-323.5758780569294,-6.214608098422191
14.78,10.69,0.18,lit_emp,-324.4907687338936,-6.214608098422191
14.19,10.96,0.22,lit_emp,-324.342679142655,-6.214608098422191
13.58,10.46,0.15,lit_emp,-325.9528467705686,-6.214608098422191
12.25,11.1,0.22,lit_emp,-324.2201793289598,-6.214608098422191
14.19,11.25,0.17,lit_emp,-323.6967061501212,-6.214608098422191
15.96,11.25,0.16,lit_emp,-323.8827405568037,-6.214608098422191
19.82,11.46,0.15,lit_emp,-324.0090740182184,-6.214608098422191
18.82,12.4,0.18,lit_emp,-324.49096888404625,-6.214608098422191
21.96,10.51,0.11,lit_emp,-328.15953350332825,-6.214608098422191
26.43,12.19,0.17,lit_emp,-324.0752534600616,-6.214608098422191
23.78,11.58,0.18,lit_emp,-323.5161544970546,-6.214608098422191
25.93,11.66,0.17,lit_emp,-323.58293550237687,-6.214608098422191
27.22,10.54,0.15,lit_emp,-325.6792390795448,-6.214608098422191
24.59,10.93,0.16,lit_emp,-324.3380822455036,-6.214608098422191
25.03,11.5,0.2,lit_emp,-323.66838113637596,-6.214608098422191
24.89,11.5,0.23,lit_emp,-324.5736735509,-6.214608098422191
20.61,11.35,0.2,lit_emp,-323.66822379733827,-6.214608098422191
19.82,11.35,0.14,lit_emp,-324.45222417208555,-6.214608098422191
23.72,12.2,0.2,lit_emp,-324.43725158059885,-6.214608098422191
22.56,12.16,0.2,lit_emp,-324.3614689982688,-6.214608098422191
20.87,10.93,0.17,lit_emp,-324.11874681271155,-6.214608098422191
23.65,11.47,0.14,lit_emp,-324.3698643340685,-6.214608098422191
20.54,11.37,0.13,lit_emp,-324.91385504203197,-6.214608098422191
18.75,11.09,0.22,lit_emp,-324.2269214607551,-6.214608098422191
17.55,11.09,0.21,lit_emp,-323.9802510113275,-6.214608098422191
13.3,12.7,0.23,lit_emp,-327.0753345636754,-6.214608098422191
11.6,11.24,0.21,lit_emp,-323.88913428992026,-6.214608098422191
11.6,11.86,0.22,lit_emp,-324.5262015005598,-6.214608098422191
9.47,11.3,0.21,lit_emp,-323.8712315881919,-6.214608098422191
7.03,11.61,0.15,lit_emp,-323.9719504614099,-6.214608098422191
6.94,11,0.2,lit_emp,-323.9447585049217,-6.214608098422191
5.34,11.56,0.2,lit_emp,-323.66060617880595,-6.214608098422191
8.35,12.43,0.12,lit_emp,-325.9155962394407,-6.214608098422191
8.31,11.12,0.14,lit_emp,-324.7309162305086,-6.214608098422191
5.3,11.38,0.19,lit_emp,-323.6114488428275,-6.214608098422191
7.61,10.66,0.18,lit_emp,-324.59195621071217,-6.214608098422191
4.91,11.88,0.18,lit_emp,-323.5413564063169,-6.214608098422191
7.64,11.88,0.17,lit_emp,-323.69559543192196,-6.214608098422191
5.02,11.33,0.26,lit_emp,-326.0222382941252,-6.214608098422191
7.24,11.51,0.16,lit_emp,-323.7344763143301,-6.214608098422191
5.1,11.83,0.2,lit_emp,-323.7338733901081,-6.214608098422191
5.58,11.68,0.14,lit_emp,-324.3289015842092,-6.214608098422191
8.25,11.8,0.14,lit_emp,-324.3392562490139,-6.214608098422191
11.88,11.52,0.12,lit_emp,-325.3875779235378,-6.214608098422191
11.87,11.93,0.17,lit_emp,-323.7486065507233,-6.214608098422191
10.79,11.04,0.14,lit_emp,-324.85478911111386,-6.214608098422191
11.75,12.61,0.16,lit_emp,-324.9641358393027,-6.214608098422191
9.69,11.53,0.19,lit_emp,-323.5467435885073,-6.214608098422191
11.6,12.73,0.19,lit_emp,-325.48982851861314,-6.214608098422191
10.21,10.66,0.21,lit_emp,-324.62583717325936,-6.214608098422191
8.75,10.66,0.24,lit_emp,-325.4344261427556,-6.214608098422191
8.62,12.69,0.14,lit_emp,-325.54803131521186,-6.214608098422191
10.08,11.62,0.15,lit_emp,-323.969703858138,-6.214608098422191
12.7,11.9,0.18,lit_emp,-323.704053820313,-6.214608098422191
12.94,12,0.17,lit_emp,-323.8209300862108,-6.214608098422191
14.46,11.32,0.15,lit_emp,-324.10055678538345,-6.214608098422191
12.53,11.32,0.17,lit_emp,-323.6444736591754,-6.214608098422191
10.24,11.82,0.14,lit_emp,-324.34802483121103,-6.214608098422191
7.61,11.61,0.18,lit_emp,-323.5199956866876,-6.214608098422191
10.58,12.31,0.14,lit_emp,-324.8221814741318,-6.214608098422191
15.65,11.93,0.15,lit_emp,-324.0812199822766,-6.214608098422191
20.1,11.41,0.2,lit_emp,-323.660845791135,-6.214608098422191
22.84,11.58,0.17,lit_emp,-323.5695038594272,-6.214608098422191
28.71,12.75,0.13,lit_emp,-326.06630926771066,-6.214608098422191
25.28,11.71,0.15,lit_emp,-323.97706665813723,-6.214608098422191
24.15,11.45,0.24,lit_emp,-325.0094556692757,-6.214608098422191
26.73,11.2,0.22,lit_emp,-324.1686124664675,-6.214608098422191
27.25,11.2,0.21,lit_emp,-323.9069444479435,-6.214608098422191
28.04,11.15,0.13,lit_emp,-325.17493746418603,-6.214608098422191
28.28,11.58,0.25,lit_emp,-325.67622982508004,-6.214608098422191
26.89,12.47,0.18,lit_emp,-324.6456955413905,-6.214608098422191
29.55,11.12,0.18,lit_emp,-323.72640313640136,-6.214608098422191
28.34,11.63,0.17,lit_emp,-323.57593851784554,-6.214608098422191
29.16,11.7,0.22,lit_emp,-324.33386505747086,-6.214608098422191
29.16,10.86,0.2,lit_emp,-324.12068168005527,-6.214608098422191
29.2,11.03,0.27,lit_emp,-326.66605057567847,-6.214608098422191
30.02,11.55,0.27,lit_emp,-326.99320841189876,-6.214608098422191
33.05,10.92,0.14,lit_emp,-325.08663027634753,-6.214608098422191
32.74,11.24,0.14,lit_emp,-324.56302732514706,-6.214608098422191
31.2,10.74,0.2,lit_emp,-324.34427090231657,-6.214608098422191
29.62,11.06,0.19,lit_emp,-323.779030649601,-6.214608098422191
28.8,11.14,0.17,lit_emp,-323.80735650648063,-6.214608098422191
27.73,11.31,0.16,lit_emp,-323.8308273062835,-6.214608098422191
28.96,11.31,0.18,lit_emp,-323.5674091099052,-6.214608098422191
31.77,12.18,0.21,lit_emp,-324.70326857314564,-6.214608098422191
30.54,12.1,0.23,lit_emp,-325.40515577149614,-6.214608098422191
34.76,11.39,0.19,lit_emp,-323.55087836717024,-6.214608098422191
32.62,11.38,0.18,lit_emp,-323.5348620374728,-6.214608098422191
36.83,12.2,0.17,lit_emp,-324.09093894186935,-6.214608098422191
37.68,11.28,0.17,lit_emp,-323.67259476311983,-6.214608098422191
39.36,12.35,0.09,lit_emp,-328.0718508704926,-6.214608098422191
37.18,11.43,0.17,lit_emp,-323.59017067938436,-6.214608098422191
38.28,10.38,0.23,lit_emp,-325.75188542425394,-6.214608098422191
35.99,12.08,0.21,lit_emp,-324.51214112528817,-6.214608098422191
37.6,10.6,0.22,lit_emp,-324.9420136419644,-6.214608098422191
36.85,11.17,0.13,lit_emp,-325.1454479323112,-6.214608098422191
36.08,11.48,0.18,lit_emp,-323.5119485948837,-6.214608098422191
39.89,11.45,0.12,lit_emp,-325.4316796579426,-6.214608098422191
38.8,11.13,0.21,lit_emp,-323.94945091487614,-6.214608098422191
37.96,10.88,0.17,lit_emp,-324.2128792366546,-6.214608098422191
33.27,10.88,0.19,lit_emp,-324.04033899543197,-6.214608098422191
32.3,11.02,0.19,lit_emp,-323.82848593439405,-6.214608098422191
31.48,11.51,0.19,lit_emp,-323.5442260645093,-6.214608098422191
30.94,11.65,0.18,lit_emp,-323.53487168509116,-6.214608098422191
29.8,11.69,0.18,lit_emp,-323.551297126052,-6.214608098422191
29.97,11.89,0.18,lit_emp,-323.69433343488976,-6.214608098422191
30.35,11.24,0.19,lit_emp,-323.61555170078714,-6.214608098422191
28.37,10.87,0.2,lit_emp,-324.10413488765056,-6.214608098422191
25.55,11.4,0.22,lit_emp,-324.1522691708501,-6.214608098422191
22.7,12.26,0.26,lit_emp,-327.76261155739826,-6.214608098422191
23.52,11.72,0.21,lit_emp,-324.02182482000336,-6.214608098422191
24.25,12.07,0.21,lit_emp,-324.49430399115994,-6.214608098422191
22.94,11.01,0.2,lit_emp,-323.90540178671523,-6.214608098422191
24.72,12.13,0.21,lit_emp,-324.60482008198494,-6.214608098422191
26.96,10.54,0.22,lit_emp,-325.08365316338654,-6.214608098422191
21.82,11.96,0.18,lit_emp,-323.7677658472218,-6.214608098422191
17.82,12.67,0.18,lit_emp,-325.1443535492562,-6.214608098422191
19.53,13,0.18,lit_emp,-326.1416747260607,-6.214608098422191
17.74,11.35,0.13,lit_emp,-324.9319227202321,-6.214608098422191
17.28,12.03,0.13,lit_emp,-324.90819885293905,-6.214608098422191
18.92,11.38,0.19,lit_emp,-323.55322037134124,-6.214608098422191
15.97,12.13,0.14,lit_emp,-324.5837969661132,-6.214608098422191
16.92,11.29,0.14,lit_emp,-324.50841181446725,-6.214608098422191
18.06,11.76,0.15,lit_emp,-323.9901340935042,-6.214608098422191
20.44,13.13,0.15,lit_emp,-326.5513588867922,-6.214608098422191
17.89,11.92,0.17,lit_emp,-323.7393446099135,-6.214608098422191
16.54,13.9,0.13,lit_emp,-329.96312520044313,-6.214608098422191
16.43,13.62,0.13,lit_emp,-328.8112988190725,-6.214608098422191
14.17,12.11,0.15,lit_emp,-324.25366689085837,-6.214608098422191
14.23,13.07,0.17,lit_emp,-326.26323410410004,-6.214608098422191
11.28,12.77,0.17,lit_emp,-325.3416358600135,-6.214608098422191
8.31,11.4,0.19,lit_emp,-323.54979963837815,-6.214608098422191
7.85,10.83,0.18,lit_emp,-324.19346655466353,-6.214608098422191
7.8,11.13,0.25,lit_emp,-325.4502604839033,-6.214608098422191
6.72,11.06,0.19,lit_emp,-323.81246293591937,-6.214608098422191
6.38,11.42,0.18,lit_emp,-323.5352911223962,-6.214608098422191
8.99,12.53,0.17,lit_emp,-324.726263527204,-6.214608098422191
10.82,12.58,0.14,lit_emp,-325.3129742639634,-6.214608098422191
9.43,12.06,0.2,lit_emp,-324.18565349119876,-6.214608098422191
8.45,12.18,0.2,lit_emp,-324.3903490908353,-6.214608098422191
10.81,12.44,0.2,lit_emp,-324.96603763558977,-6.214608098422191
10.23,11.69,0.15,lit_emp,-323.97353196464024,-6.214608098422191
8.77,11.87,0.22,lit_emp,-324.53613108049825,-6.214608098422191
9.47,11.9,0.14,lit_emp,-324.3861278755548,-6.214608098422191
8.68,11.61,0.19,lit_emp,-323.56711728741436,-6.214608098422191
9.52,10.75,0.15,lit_emp,-325.06800111842585,-6.214608098422191
12.53,10.75,0.2,lit_emp,-324.32394699410696,-6.214608098422191
9.88,10.74,0.21,lit_emp,-324.46144195186145,-6.214608098422191
10.38,10.74,0.17,lit_emp,-324.51993462397326,-6.214608098422191
9.51,11.45,0.15,lit_emp,-324.01446908390017,-6.214608098422191
7.01,11.74,0.21,lit_emp,-324.02071999621944,-6.214608098422191
4.41,12.57,0.18,lit_emp,-324.0800571463746,-6.214608098422191
4.75,13.35,0.23,lit_emp,-328.4539294220484,-6.214608098422191
6,12.21,0.16,lit_emp,-324.0968531598232,-6.214608098422191
7.59,12.07,0.14,lit_emp,-324.50924306793667,-6.214608098422191
9.33,11.34,0.15,lit_emp,-324.08542208955964,-6.214608098422191
11.78,11.34,0.17,lit_emp,-323.63212727998945,-6.214608098422191
11.97,12.14,0.19,lit_emp,-324.1192237782374,-6.214608098422191
9.65,12.06,0.22,lit_emp,-324.85337721909957,-6.214608098422191
10.19,12.06,0.18,lit_emp,-323.8921411872852,-6.214608098422191
9.29,12.34,0.18,lit_emp,-324.3630907678779,-6.214608098422191
7.51,12.74,0.18,lit_emp,-325.3005840225436,-6.214608098422191
6.45,12.49,0.19,lit_emp,-324.7429441644034,-6.214608098422191
8.23,11.78,0.19,lit_emp,-323.6648087614755,-6.214608098422191
13.43,10.77,0.2,lit_emp,-324.2840376426161,-6.214608098422191
13.98,11.54,0.2,lit_emp,-323.6787786439678,-6.214608098422191
9.17,11.21,0.16,lit_emp,-323.9250994038897,-6.214608098422191
9.96,12.11,0.22,lit_emp,-324.9510956511444,-6.214608098422191
11.26,11.78,0.18,lit_emp,-323.6030992453213,-6.214608098422191
9.78,10.84,0.18,lit_emp,-324.1596548195248,-6.214608098422191
9.39,9.9,0.19,lit_emp,-327.3992599560176,-6.214608098422191
8.95,11.83,0.19,lit_emp,-323.71058722402296,-6.214608098422191
5.62,12.17,0.15,lit_emp,-324.2079691271684,-6.214608098422191
5.74,10.72,0.19,lit_emp,-324.5435199042238,-6.214608098422191
6.96,11.58,0.13,lit_emp,-324.7975707292506,-6.214608098422191
5.71,11.1,0.21,lit_emp,-324.0491579463953,-6.214608098422191
5.32,12.43,0.15,lit_emp,-324.4966504428749,-6.214608098422191
5.32,12.01,0.28,lit_emp,-328.40066494207656,-6.214608098422191
5.32,11.6,0.19,lit_emp,-323.54209185649216,-6.214608098422191
3.84,11.79,0.14,lit_emp,-324.7156876115423,-6.214608098422191
8.38,12.14,0.21,lit_emp,-324.6146490992884,-6.214608098422191
7.09,12.11,0.17,lit_emp,-323.93091268022374,-6.214608098422191
6.98,13.31,0.18,lit_emp,-327.16729031953747,-6.214608098422191
7.63,12.38,0.15,lit_emp,-324.6316463311535,-6.214608098422191
7.73,11.8,0.14,lit_emp,-324.33792371156466,-6.214608098422191
7.8,10.15,0.16,lit_emp,-326.8765625757193,-6.214608098422191
12.14,11.76,0.14,lit_emp,-324.3296129035587,-6.214608098422191
14.79,12.24,0.17,lit_emp,-324.1559301008445,-6.214608098422191
14.31,11.67,0.17,lit_emp,-323.58578451690744,-6.214608098422191
16.47,10.36,0.18,lit_emp,-325.49027092540587,-6.214608098422191
18.49,12.06,0.18,lit_emp,-323.8930495914854,-6.214608098422191
18.12,12.06,0.12,lit_emp,-325.469641126961,-6.214608098422191
15,11.92,0.14,lit_emp,-324.39908068674424,-6.214608098422191
11.72,12.33,0.16,lit_emp,-324.38695639757105,-6.214608098422191
11.84,11.3,0.18,lit_emp,-323.5732454569664,-6.214608098422191
12.38,12.19,0.17,lit_emp,-324.07515935097916,-6.214608098422191
10.52,12.32,0.21,lit_emp,-325.0079153699478,-6.214608098422191
10.52,11.14,0.19,lit_emp,-323.69496106754514,-6.214608098422191
9.97,11.27,0.16,lit_emp,-323.8650009102926,-6.214608098422191
7.16,11.61,0.17,lit_emp,-323.5704686938467,-6.214608098422191
8.68,12.13,0.15,lit_emp,-324.27327517156994,-6.214608098422191
8.2,11.89,0.15,lit_emp,-324.04967738178937,-6.214608098422191
5.82,10.91,0.12,lit_emp,-326.4135151533469,-6.214608098422191
5.98,11.41,0.21,lit_emp,-323.8639278445794,-6.214608098422191
5.88,11.41,0.16,lit_emp,-323.8094606459138,-6.214608098422191
5.6,10.97,0.15,lit_emp,-324.763129284696,-6.214608098422191
8.03,12.12,0.19,lit_emp,-324.0747101646692,-6.214608098422191
3.37,12.39,0.22,lit_emp,-324.15343415642417,-6.214608098422191
3.78,12.25,0.22,lit_emp,-324.19309118681684,-6.214608098422191
4.34,12.81,0.17,lit_emp,-324.42215169397207,-6.214608098422191
3.31,11.41,0.23,lit_emp,-326.0083194076021,-6.214608098422191
3.31,12.03,0.18,lit_emp,-324.12839469921096,-6.214608098422191
3.31,12.43,0.18,lit_emp,-323.6329908280306,-6.214608098422191
3.01,13.33,0.19,lit_emp,-323.5555591622788,-6.214608098422191
3.01,12.62,0.24,lit_emp,-325.0507243388449,-6.214608098422191
3.01,13.45,0.19,lit_emp,-323.59779373727997,-6.214608098422191
3.31,13.31,0.23,lit_emp,-325.2239838289409,-6.214608098422191
4.93,11.68,0.2,lit_emp,-323.6640861008011,-6.214608098422191
6.34,11.85,0.15,lit_emp,-324.00744715886617,-6.214608098422191
